Sho'rlanish darajasi,N-NO,Mexanik tarkibi,Karbonatlar,Gumus miqdori (%),Preparad nomi
High,High,67.4,2.4,7.13,"PrepF, PrepB, PrepD, PrepG, PrepJ"
Low,Normal,57.4,1.0,2.75,"PrepF, PrepI, PrepB, PrepD, PrepG"
High,Normal,48.4,13.7,2.41,"PrepB, PrepE, PrepF, PrepH, PrepI"
Normal,Low,80.6,7.1,6.29,"PrepF, PrepG, PrepB, PrepA, PrepD"
High,Low,84.3,12.6,3.06,"PrepJ, PrepF, PrepI, PrepB, PrepA"
High,High,70.9,3.5,0.54,"PrepF, PrepA, PrepH, PrepE, PrepD"
High,Normal,74.2,24.5,5.2,"PrepI, PrepC, PrepH, PrepJ, PrepB"
High,High,90.0,9.2,5.47,"PrepJ, PrepE, PrepF, PrepC, PrepD"
Normal,High,55.3,3.4,2.17,"PrepG, PrepJ, PrepH, PrepD, PrepF"
Normal,Normal,37.9,7.8,1.01,"PrepA, PrepB, PrepD, PrepG, PrepJ"
High,Low,58.9,18.4,4.98,"PrepB, PrepC, PrepG, PrepD, PrepA"
High,Low,53.4,1.5,5.09,"PrepG, PrepE, PrepC, PrepB, PrepD"
High,Low,61.3,9.5,1.1,"PrepD, PrepE, PrepI, PrepC, PrepA"
High,Low,38.0,4.2,6.43,"PrepJ, PrepI, PrepA, PrepH, PrepC"
Low,Normal,37.6,2.9,0.9,"PrepA, PrepE, PrepJ, PrepI, PrepH"
Normal,Normal,64.3,15.4,3.52,"PrepA, PrepC, PrepG, PrepH, PrepJ"
High,Low,95.2,4.7,2.08,"PrepH, PrepB, PrepG, PrepF, PrepC"
High,High,62.2,8.1,7.08,"PrepC, PrepJ, PrepH, PrepE, PrepI"
High,Normal,83.7,22.6,1.62,"PrepA, PrepC, PrepH, PrepJ, PrepG"
Low,Low,38.3,14.2,2.19,"PrepD, PrepJ, PrepI, PrepG, PrepE"
Low,Normal,85.8,22.6,5.09,"PrepJ, PrepA, PrepE, PrepD, PrepG"
Low,Low,76.6,1.4,1.89,"PrepH, PrepE, PrepG, PrepB, PrepA"
Normal,Normal,74.7,13.4,6.86,"PrepJ, PrepI, PrepA, PrepE, PrepC"
High,Normal,56.4,2.5,1.75,"PrepB, PrepH, PrepD, PrepE, PrepA"
Low,High,34.6,15.3,3.51,"PrepJ, PrepF, PrepD, PrepC, PrepH"
Normal,Normal,48.9,1.5,2.98,"PrepB, PrepA, PrepH, PrepC, PrepD"
High,High,61.5,24.4,2.44,"PrepI, PrepE, PrepA, PrepB, PrepC"
High,Low,49.3,20.3,3.79,"PrepB, PrepJ, PrepD, PrepH, PrepE"
Normal,Normal,63.6,5.0,4.99,"PrepH, PrepG, PrepI, PrepJ, PrepC"
Normal,Low,68.3,17.9,7.31,"PrepI, PrepF, PrepH, PrepC, PrepJ"
Low,Normal,71.7,19.4,2.56,"PrepH, PrepA, PrepF, PrepB, PrepG"
Low,High,82.9,3.8,3.62,"PrepI, PrepJ, PrepH, PrepF, PrepA"
High,High,38.8,6.7,3.23,"PrepJ, PrepA, PrepB, PrepC, PrepD"
High,High,73.6,3.3,4.69,"PrepJ, PrepB, PrepF, PrepD, PrepI"
High,Normal,49.3,8.3,5.45,"PrepF, PrepC, PrepA, PrepI, PrepJ"
Low,Low,75.0,21.3,7.59,"PrepC, PrepI, PrepD, PrepG, PrepB"
Low,Normal,46.1,9.2,6.49,"PrepH, PrepB, PrepC, PrepF, PrepA"
Normal,High,55.4,12.6,3.81,"PrepB, PrepF, PrepD, PrepI, PrepJ"
High,High,72.0,18.4,7.44,"PrepF, PrepC, PrepE, PrepG, PrepI"
Low,Low,77.0,16.0,6.88,"PrepF, PrepI, PrepA, PrepD, PrepC"
High,Low,68.8,8.9,6.86,"PrepG, PrepC, PrepE, PrepJ, PrepH"
Normal,High,64.5,13.9,2.97,"PrepJ, PrepF, PrepH, PrepD, PrepC"
High,High,62.3,10.2,7.75,"PrepA, PrepE, PrepC, PrepH, PrepB"
Low,Normal,34.7,21.0,3.66,"PrepA, PrepG, PrepF, PrepD, PrepB"
High,Normal,30.1,6.6,7.76,"PrepF, PrepA, PrepB, PrepI, PrepG"
High,Normal,87.2,17.5,3.89,"PrepA, PrepD, PrepH, PrepC, PrepB"
High,Normal,92.4,19.7,5.05,"PrepG, PrepB, PrepI, PrepF, PrepE"
Low,Normal,68.5,23.3,1.17,"PrepE, PrepH, PrepA, PrepI, PrepC"
Low,Low,34.3,16.0,6.13,"PrepH, PrepF, PrepB, PrepA, PrepJ"
High,Low,71.7,17.4,7.83,"PrepH, PrepI, PrepD, PrepF, PrepG"
High,Normal,30.9,15.4,6.15,"PrepB, PrepE, PrepC, PrepA, PrepJ"
Normal,Low,73.5,19.3,4.66,"PrepC, PrepI, PrepA, PrepJ, PrepB"
High,Normal,88.7,7.3,4.01,"PrepG, PrepI, PrepJ, PrepF, PrepH"
High,Normal,83.0,14.2,0.52,"PrepG, PrepJ, PrepH, PrepF, PrepD"
Low,Low,83.9,1.9,1.35,"PrepG, PrepB, PrepI, PrepH, PrepC"
Low,Normal,97.3,20.6,1.03,"PrepG, PrepD, PrepA, PrepJ, PrepI"
Low,Low,73.7,15.9,2.24,"PrepB, PrepF, PrepG, PrepH, PrepD"
High,Normal,34.0,23.8,4.25,"PrepG, PrepJ, PrepH, PrepC, PrepA"
Low,Low,74.9,9.2,7.01,"PrepG, PrepI, PrepE, PrepF, PrepB"
Low,High,38.5,18.4,7.38,"PrepH, PrepB, PrepA, PrepD, PrepG"
High,Normal,49.1,10.3,7.2,"PrepF, PrepG, PrepB, PrepD, PrepC"
High,Normal,96.6,17.3,2.67,"PrepF, PrepD, PrepC, PrepA, PrepJ"
Normal,High,33.9,24.3,3.53,"PrepH, PrepD, PrepI, PrepE, PrepB"
Low,High,79.3,21.6,3.29,"PrepE, PrepH, PrepJ, PrepG, PrepC"
High,High,56.7,6.3,6.65,"PrepE, PrepB, PrepC, PrepG, PrepA"
Low,High,46.6,20.1,5.4,"PrepB, PrepD, PrepF, PrepH, PrepJ"
High,High,80.9,8.5,4.48,"PrepF, PrepJ, PrepD, PrepE, PrepC"
Low,Normal,73.0,23.3,2.99,"PrepI, PrepJ, PrepH, PrepC, PrepA"
Normal,Normal,94.6,9.2,6.26,"PrepF, PrepG, PrepI, PrepA, PrepC"
Low,High,42.3,10.5,7.83,"PrepC, PrepD, PrepH, PrepG, PrepB"
High,Low,77.8,8.2,1.41,"PrepF, PrepG, PrepD, PrepA, PrepC"
High,High,80.6,10.4,2.28,"PrepB, PrepE, PrepH, PrepJ, PrepD"
Normal,Low,69.0,10.0,1.95,"PrepA, PrepC, PrepD, PrepE, PrepF"
Low,Normal,96.7,5.6,1.22,"PrepJ, PrepC, PrepB, PrepA, PrepI"
High,Normal,79.3,18.6,6.98,"PrepF, PrepI, PrepH, PrepE, PrepD"
High,Low,43.0,4.9,7.73,"PrepH, PrepA, PrepJ, PrepI, PrepB"
High,High,97.2,5.6,1.88,"PrepJ, PrepA, PrepB, PrepC, PrepI"
Low,High,95.6,8.5,7.31,"PrepF, PrepJ, PrepD, PrepH, PrepC"
High,Low,85.7,10.7,1.68,"PrepA, PrepG, PrepB, PrepD, PrepI"
High,Normal,33.5,8.4,6.88,"PrepF, PrepA, PrepG, PrepB, PrepE"
Low,High,99.5,19.1,2.01,"PrepC, PrepH, PrepE, PrepD, PrepI"
Normal,High,70.2,3.6,7.69,"PrepG, PrepE, PrepI, PrepB, PrepJ"
High,Low,65.4,24.5,0.5,"PrepD, PrepC, PrepF, PrepH, PrepG"
Low,High,80.8,8.6,7.75,"PrepB, PrepE, PrepF, PrepI, PrepG"
Low,Normal,31.4,1.8,1.5,"PrepC, PrepE, PrepI, PrepD, PrepJ"
High,High,30.8,19.1,1.17,"PrepJ, PrepD, PrepI, PrepA, PrepE"
High,Normal,85.6,11.7,2.63,"PrepD, PrepF, PrepB, PrepC, PrepE"
High,Normal,94.2,7.6,2.93,"PrepF, PrepA, PrepC, PrepB, PrepE"
Normal,Low,47.6,4.1,5.72,"PrepG, PrepB, PrepC, PrepE, PrepA"
High,Low,73.6,17.2,3.6,"PrepG, PrepE, PrepH, PrepI, PrepD"
Normal,Low,64.2,2.3,5.49,"PrepC, PrepA, PrepJ, PrepG, PrepB"
High,Normal,43.3,12.6,7.69,"PrepE, PrepD, PrepB, PrepI, PrepC"
Normal,Low,65.6,21.7,7.94,"PrepC, PrepJ, PrepI, PrepF, PrepB"
High,High,42.1,13.0,0.64,"PrepC, PrepI, PrepG, PrepF, PrepE"
Normal,Low,72.6,5.3,5.09,"PrepI, PrepB, PrepE, PrepA, PrepG"
Normal,Low,63.8,18.5,6.54,"PrepG, PrepD, PrepB, PrepF, PrepI"
Normal,Normal,94.8,16.4,7.17,"PrepC, PrepB, PrepE, PrepA, PrepI"
Normal,High,71.1,23.3,1.88,"PrepE, PrepI, PrepJ, PrepB, PrepD"
Normal,Low,65.8,6.3,6.9,"PrepB, PrepJ, PrepH, PrepA, PrepG"
Low,Normal,44.1,3.7,3.22,"PrepC, PrepD, PrepG, PrepI, PrepB"
High,Low,37.1,12.1,6.78,"PrepH, PrepA, PrepF, PrepB, PrepC"
Low,Low,39.5,16.3,7.22,"PrepI, PrepD, PrepF, PrepC, PrepE"
Low,Low,37.9,7.5,2.51,"PrepH, PrepG, PrepI, PrepD, PrepJ"
Low,Normal,31.9,17.7,7.61,"PrepB, PrepH, PrepI, PrepC, PrepF"
High,Normal,36.4,17.0,3.24,"PrepB, PrepH, PrepG, PrepD, PrepC"
Low,High,56.4,2.3,4.44,"PrepD, PrepC, PrepF, PrepG, PrepA"
Normal,High,76.3,12.6,6.09,"PrepG, PrepB, PrepD, PrepI, PrepA"
High,High,42.0,6.7,6.44,"PrepI, PrepJ, PrepA, PrepG, PrepE"
High,High,50.5,3.3,6.46,"PrepH, PrepI, PrepD, PrepC, PrepF"
High,High,58.2,14.1,1.77,"PrepE, PrepF, PrepD, PrepH, PrepJ"
Normal,Normal,65.7,21.6,3.87,"PrepH, PrepE, PrepG, PrepI, PrepA"
Normal,Low,86.5,2.4,1.81,"PrepA, PrepE, PrepC, PrepB, PrepF"
Low,High,74.0,12.0,3.46,"PrepG, PrepI, PrepB, PrepF, PrepE"
Low,Normal,58.1,3.7,3.76,"PrepG, PrepE, PrepI, PrepJ, PrepD"
Normal,Normal,41.0,20.8,3.12,"PrepC, PrepG, PrepA, PrepH, PrepE"
High,Low,79.9,11.5,4.68,"PrepA, PrepH, PrepD, PrepE, PrepJ"
High,Normal,90.5,4.8,2.23,"PrepJ, PrepA, PrepF, PrepC, PrepG"
Low,High,32.8,7.8,0.54,"PrepH, PrepC, PrepA, PrepD, PrepE"
High,Normal,78.6,5.8,6.62,"PrepF, PrepG, PrepC, PrepI, PrepJ"
Normal,Low,39.9,8.7,1.74,"PrepE, PrepD, PrepF, PrepH, PrepB"
Low,High,74.0,10.5,5.04,"PrepA, PrepE, PrepG, PrepH, PrepF"
Low,High,70.6,8.8,5.79,"PrepG, PrepJ, PrepF, PrepH, PrepE"
High,Normal,67.3,16.8,3.09,"PrepA, PrepE, PrepJ, PrepC, PrepH"
Normal,Normal,34.0,10.6,3.95,"PrepB, PrepG, PrepF, PrepC, PrepD"
High,Normal,82.7,13.9,2.36,"PrepA, PrepF, PrepI, PrepD, PrepE"
High,Normal,82.3,3.5,6.06,"PrepA, PrepG, PrepF, PrepJ, PrepD"
Low,Low,85.7,19.0,5.36,"PrepD, PrepE, PrepB, PrepC, PrepF"
High,Normal,84.5,9.4,1.27,"PrepG, PrepC, PrepF, PrepD, PrepE"
Normal,Normal,78.5,24.4,3.34,"PrepB, PrepD, PrepI, PrepG, PrepF"
Low,Normal,91.9,7.9,4.43,"PrepE, PrepF, PrepB, PrepD, PrepJ"
Normal,Low,94.0,19.6,7.22,"PrepC, PrepH, PrepG, PrepJ, PrepI"
Low,High,95.7,4.2,5.95,"PrepA, PrepB, PrepH, PrepJ, PrepD"
Low,High,92.1,24.1,3.03,"PrepH, PrepB, PrepJ, PrepG, PrepD"
Low,Low,62.9,2.6,1.2,"PrepF, PrepB, PrepE, PrepC, PrepD"
Normal,Low,84.2,19.8,7.37,"PrepD, PrepB, PrepF, PrepI, PrepH"
Normal,High,41.4,12.8,0.7,"PrepH, PrepA, PrepF, PrepE, PrepB"
Low,Low,78.9,21.2,3.16,"PrepF, PrepD, PrepA, PrepC, PrepI"
Low,Normal,69.7,1.9,6.14,"PrepA, PrepD, PrepG, PrepF, PrepH"
High,High,41.0,21.5,5.74,"PrepE, PrepH, PrepG, PrepF, PrepD"
High,Normal,31.9,7.5,5.0,"PrepF, PrepJ, PrepI, PrepG, PrepD"
Normal,Normal,91.4,1.5,0.72,"PrepA, PrepD, PrepG, PrepH, PrepB"
Low,Low,39.6,1.1,1.47,"PrepJ, PrepA, PrepI, PrepC, PrepB"
High,Normal,40.5,9.8,2.05,"PrepF, PrepC, PrepJ, PrepG, PrepH"
Normal,High,63.6,11.1,1.05,"PrepD, PrepB, PrepA, PrepJ, PrepF"
High,Low,79.7,19.8,1.19,"PrepG, PrepJ, PrepF, PrepH, PrepB"
Normal,High,31.8,3.9,0.85,"PrepC, PrepA, PrepH, PrepD, PrepE"
High,Normal,32.8,15.3,7.26,"PrepG, PrepI, PrepB, PrepF, PrepC"
Low,Low,68.5,17.7,3.59,"PrepC, PrepH, PrepG, PrepD, PrepA"
Low,Normal,79.0,3.1,4.73,"PrepD, PrepB, PrepH, PrepA, PrepJ"
High,Normal,41.7,16.1,3.61,"PrepA, PrepE, PrepF, PrepB, PrepH"
Low,Normal,39.8,15.4,1.12,"PrepC, PrepB, PrepG, PrepA, PrepH"
Normal,Normal,88.1,11.5,0.74,"PrepI, PrepC, PrepH, PrepB, PrepA"
High,Normal,72.2,2.4,2.13,"PrepC, PrepH, PrepJ, PrepI, PrepG"
Normal,Normal,35.3,13.6,2.44,"PrepD, PrepI, PrepG, PrepE, PrepC"
Normal,Low,47.0,20.5,3.36,"PrepA, PrepD, PrepI, PrepE, PrepF"
Low,Low,73.3,6.1,2.74,"PrepD, PrepE, PrepB, PrepA, PrepC"
High,Normal,58.2,21.2,0.55,"PrepA, PrepD, PrepG, PrepH, PrepJ"
Normal,Normal,33.6,1.7,6.67,"PrepE, PrepA, PrepJ, PrepB, PrepC"
High,High,51.4,1.8,4.03,"PrepC, PrepH, PrepF, PrepE, PrepJ"
Low,Normal,78.0,19.2,3.92,"PrepC, PrepE, PrepG, PrepI, PrepJ"
Normal,Low,68.6,1.6,6.77,"PrepH, PrepD, PrepC, PrepE, PrepF"
High,Low,61.7,18.5,4.78,"PrepD, PrepB, PrepA, PrepG, PrepJ"
High,Normal,57.8,16.0,6.75,"PrepB, PrepD, PrepC, PrepI, PrepG"
Low,High,45.0,15.6,5.64,"PrepD, PrepA, PrepG, PrepE, PrepF"
High,Low,98.8,12.7,3.06,"PrepF, PrepA, PrepI, PrepG, PrepE"
Normal,Low,39.3,11.0,6.19,"PrepD, PrepI, PrepB, PrepA, PrepC"
Low,Low,53.3,5.0,7.09,"PrepG, PrepC, PrepE, PrepA, PrepD"
Low,High,43.9,16.1,4.71,"PrepC, PrepG, PrepA, PrepJ, PrepI"
Normal,Low,90.7,13.4,5.94,"PrepA, PrepG, PrepI, PrepH, PrepC"
Low,Normal,81.5,20.0,1.35,"PrepF, PrepG, PrepB, PrepE, PrepA"
High,Low,85.6,23.5,6.54,"PrepC, PrepH, PrepB, PrepF, PrepD"
Normal,Low,41.1,22.1,7.59,"PrepH, PrepD, PrepA, PrepB, PrepJ"
Low,Normal,46.1,22.0,1.14,"PrepB, PrepJ, PrepC, PrepF, PrepI"
Normal,High,48.6,1.4,4.97,"PrepJ, PrepH, PrepC, PrepA, PrepB"
High,Low,30.8,11.6,4.79,"PrepG, PrepF, PrepA, PrepD, PrepJ"
Low,Normal,94.6,16.2,5.54,"PrepE, PrepB, PrepJ, PrepD, PrepF"
High,Low,32.5,9.7,6.65,"PrepJ, PrepC, PrepB, PrepE, PrepI"
Low,Low,35.9,6.6,6.15,"PrepB, PrepE, PrepI, PrepD, PrepJ"
High,Low,75.5,8.2,2.3,"PrepH, PrepE, PrepF, PrepC, PrepI"
High,Low,83.1,4.5,4.34,"PrepJ, PrepH, PrepD, PrepA, PrepI"
High,Normal,68.5,7.8,4.32,"PrepA, PrepB, PrepC, PrepJ, PrepH"
Low,High,43.6,2.9,7.57,"PrepI, PrepF, PrepJ, PrepG, PrepD"
Low,Normal,71.1,4.1,2.73,"PrepD, PrepF, PrepA, PrepC, PrepH"
Normal,High,83.2,6.3,3.29,"PrepB, PrepE, PrepH, PrepD, PrepJ"
High,Normal,98.3,7.4,5.89,"PrepC, PrepG, PrepE, PrepI, PrepD"
Low,Normal,98.9,14.3,5.82,"PrepJ, PrepB, PrepC, PrepH, PrepE"
Low,Low,45.4,3.6,5.45,"PrepH, PrepG, PrepE, PrepB, PrepJ"
Low,Normal,43.5,1.2,3.01,"PrepF, PrepH, PrepI, PrepB, PrepE"
Normal,Low,80.0,16.7,7.24,"PrepC, PrepI, PrepE, PrepJ, PrepA"
High,High,53.9,14.2,4.68,"PrepF, PrepD, PrepE, PrepI, PrepG"
Normal,High,57.1,4.9,1.26,"PrepB, PrepF, PrepI, PrepG, PrepC"
Low,Normal,47.2,25.0,6.96,"PrepE, PrepB, PrepH, PrepJ, PrepI"
High,Normal,62.1,8.9,3.31,"PrepI, PrepD, PrepE, PrepJ, PrepF"
Normal,High,96.4,18.4,2.99,"PrepF, PrepI, PrepA, PrepG, PrepJ"
Low,High,53.3,7.7,5.14,"PrepH, PrepC, PrepE, PrepA, PrepG"
Low,Low,81.9,3.0,6.21,"PrepF, PrepH, PrepB, PrepC, PrepA"
Low,Normal,84.0,9.3,1.71,"PrepA, PrepB, PrepF, PrepD, PrepH"
High,Normal,85.8,3.3,7.69,"PrepH, PrepF, PrepJ, PrepB, PrepD"
Low,High,60.7,24.4,4.25,"PrepE, PrepG, PrepJ, PrepF, PrepI"
Low,Normal,95.6,19.6,7.04,"PrepI, PrepF, PrepE, PrepJ, PrepC"
High,Low,50.8,3.6,5.89,"PrepD, PrepF, PrepI, PrepA, PrepB"
Low,Normal,68.2,20.5,3.35,"PrepJ, PrepF, PrepI, PrepD, PrepA"
Normal,Normal,85.6,21.9,5.29,"PrepC, PrepI, PrepA, PrepD, PrepG"
High,High,63.2,15.3,5.34,"PrepC, PrepE, PrepF, PrepI, PrepB"
Low,Low,40.0,14.5,4.09,"PrepD, PrepH, PrepE, PrepF, PrepI"
High,Low,53.2,1.6,2.95,"PrepG, PrepC, PrepA, PrepB, PrepE"
Normal,Low,81.6,1.7,4.24,"PrepD, PrepB, PrepE, PrepH, PrepG"
Normal,High,47.6,15.6,7.55,"PrepE, PrepI, PrepG, PrepH, PrepF"
High,High,75.2,4.5,7.95,"PrepE, PrepA, PrepI, PrepJ, PrepG"
Normal,High,42.0,13.7,1.95,"PrepE, PrepB, PrepC, PrepI, PrepA"
Normal,Normal,35.9,8.6,4.74,"PrepJ, PrepE, PrepH, PrepA, PrepI"
High,High,63.9,4.4,2.75,"PrepD, PrepI, PrepJ, PrepA, PrepF"
Low,High,30.6,7.2,2.93,"PrepB, PrepJ, PrepC, PrepH, PrepA"
Normal,Low,43.8,7.0,5.19,"PrepJ, PrepI, PrepD, PrepH, PrepG"
Normal,Low,51.1,12.0,5.85,"PrepG, PrepC, PrepH, PrepJ, PrepA"
High,High,56.2,18.3,1.05,"PrepE, PrepI, PrepF, PrepB, PrepC"
Normal,Low,94.8,22.0,4.27,"PrepB, PrepC, PrepI, PrepJ, PrepA"
Normal,High,77.2,23.6,6.55,"PrepH, PrepF, PrepB, PrepC, PrepE"
Low,Normal,61.5,17.5,5.94,"PrepI, PrepC, PrepF, PrepD, PrepA"
Low,High,37.0,22.9,6.7,"PrepE, PrepG, PrepH, PrepJ, PrepA"
Normal,Low,88.3,19.9,0.59,"PrepE, PrepF, PrepD, PrepB, PrepI"
Low,High,32.8,20.3,7.68,"PrepG, PrepE, PrepB, PrepF, PrepC"
High,Normal,68.0,24.7,5.8,"PrepA, PrepC, PrepG, PrepD, PrepH"
High,Low,69.5,1.2,0.58,"PrepI, PrepH, PrepC, PrepA, PrepD"
Low,Normal,97.0,16.1,3.6,"PrepD, PrepH, PrepJ, PrepE, PrepB"
Low,High,54.3,9.3,2.09,"PrepA, PrepH, PrepF, PrepB, PrepG"
High,Normal,84.3,21.7,7.72,"PrepH, PrepD, PrepF, PrepJ, PrepA"
High,Low,48.4,10.1,4.86,"PrepC, PrepG, PrepB, PrepI, PrepF"
Normal,Normal,37.8,23.9,3.53,"PrepH, PrepI, PrepJ, PrepE, PrepF"
Low,Normal,49.1,20.2,0.94,"PrepF, PrepA, PrepE, PrepC, PrepD"
High,High,86.3,23.5,0.68,"PrepB, PrepG, PrepF, PrepJ, PrepD"
High,Normal,92.3,6.1,2.07,"PrepB, PrepH, PrepJ, PrepE, PrepF"
Normal,Low,33.8,3.1,6.03,"PrepF, PrepJ, PrepH, PrepE, PrepB"
Low,High,74.8,12.8,2.44,"PrepA, PrepJ, PrepI, PrepC, PrepD"
High,Normal,97.2,21.2,7.51,"PrepI, PrepE, PrepD, PrepA, PrepB"
Low,High,58.4,9.1,5.71,"PrepJ, PrepF, PrepH, PrepE, PrepI"
High,Normal,45.8,4.8,6.74,"PrepG, PrepH, PrepI, PrepF, PrepJ"
High,High,30.0,22.1,1.24,"PrepH, PrepB, PrepD, PrepA, PrepC"
Normal,Normal,94.9,23.1,5.78,"PrepH, PrepE, PrepD, PrepJ, PrepB"
High,Low,60.9,16.7,4.65,"PrepC, PrepI, PrepH, PrepJ, PrepB"
Low,Normal,85.3,15.2,7.95,"PrepG, PrepJ, PrepH, PrepA, PrepF"
Normal,Low,90.0,24.3,2.61,"PrepD, PrepJ, PrepG, PrepI, PrepH"
High,High,40.8,7.4,1.79,"PrepE, PrepF, PrepI, PrepD, PrepG"
Low,Normal,91.8,16.8,1.04,"PrepF, PrepH, PrepD, PrepB, PrepG"
Normal,Normal,52.2,1.9,0.55,"PrepC, PrepH, PrepE, PrepI, PrepF"
Low,High,93.5,23.6,7.56,"PrepF, PrepC, PrepB, PrepH, PrepI"
Normal,Low,68.8,2.1,3.4,"PrepB, PrepH, PrepC, PrepI, PrepF"
High,High,63.9,1.3,6.39,"PrepE, PrepB, PrepD, PrepG, PrepJ"
Low,Low,67.2,18.5,1.83,"PrepH, PrepD, PrepF, PrepB, PrepI"
Normal,Low,84.1,8.6,1.24,"PrepH, PrepD, PrepG, PrepA, PrepF"
Normal,High,86.0,10.9,4.9,"PrepE, PrepH, PrepI, PrepF, PrepD"
Normal,High,49.5,8.2,1.9,"PrepC, PrepF, PrepE, PrepH, PrepD"
High,Normal,86.2,18.5,2.57,"PrepJ, PrepB, PrepF, PrepD, PrepG"
High,Low,81.4,19.3,3.28,"PrepJ, PrepA, PrepE, PrepD, PrepF"
Normal,Normal,45.9,7.9,3.74,"PrepD, PrepH, PrepC, PrepJ, PrepI"
Normal,High,45.1,23.1,1.35,"PrepC, PrepF, PrepJ, PrepB, PrepI"
High,High,79.5,12.7,7.18,"PrepB, PrepD, PrepH, PrepG, PrepJ"
Low,Low,63.1,13.9,4.36,"PrepH, PrepI, PrepA, PrepE, PrepJ"
Normal,Low,35.9,8.1,7.44,"PrepE, PrepG, PrepA, PrepI, PrepH"
Normal,Low,39.5,5.8,5.02,"PrepJ, PrepA, PrepB, PrepF, PrepD"
High,High,84.7,9.5,3.46,"PrepB, PrepF, PrepE, PrepI, PrepG"
Low,Low,71.8,4.4,5.41,"PrepE, PrepH, PrepI, PrepG, PrepA"
Low,Normal,98.5,3.2,5.8,"PrepG, PrepH, PrepE, PrepA, PrepC"
High,High,46.2,19.5,7.34,"PrepA, PrepH, PrepE, PrepG, PrepI"
High,Normal,89.4,21.5,6.94,"PrepB, PrepH, PrepI, PrepE, PrepF"
Low,High,81.9,24.7,5.72,"PrepD, PrepG, PrepJ, PrepB, PrepH"
Low,Low,75.7,8.9,6.09,"PrepF, PrepD, PrepA, PrepH, PrepG"
Normal,High,37.7,1.0,6.56,"PrepI, PrepB, PrepH, PrepC, PrepE"
High,Normal,57.8,24.6,7.65,"PrepI, PrepD, PrepE, PrepB, PrepJ"
High,Normal,36.3,9.7,4.26,"PrepC, PrepF, PrepI, PrepA, PrepB"
Normal,Low,60.2,11.5,7.35,"PrepD, PrepE, PrepA, PrepH, PrepJ"
High,Normal,32.8,8.9,2.72,"PrepF, PrepH, PrepC, PrepG, PrepA"
High,Low,96.3,13.7,3.93,"PrepB, PrepC, PrepH, PrepI, PrepD"
Low,High,95.2,24.6,2.36,"PrepB, PrepE, PrepD, PrepJ, PrepI"
High,Normal,77.6,11.2,4.13,"PrepF, PrepI, PrepC, PrepB, PrepJ"
Normal,Low,35.8,23.1,5.75,"PrepH, PrepJ, PrepA, PrepF, PrepB"
Normal,Normal,91.2,17.8,2.59,"PrepB, PrepJ, PrepD, PrepE, PrepI"
High,Normal,89.8,3.3,4.11,"PrepB, PrepD, PrepI, PrepH, PrepE"
High,High,69.4,1.8,4.59,"PrepA, PrepB, PrepE, PrepD, PrepG"
Normal,Normal,75.8,1.1,7.61,"PrepB, PrepC, PrepH, PrepA, PrepG"
Low,High,86.7,11.8,3.18,"PrepB, PrepJ, PrepE, PrepC, PrepI"
Normal,High,67.5,22.2,1.78,"PrepH, PrepB, PrepE, PrepA, PrepI"
Low,High,41.1,6.5,1.92,"PrepI, PrepD, PrepE, PrepB, PrepA"
Normal,Normal,49.4,24.7,5.04,"PrepG, PrepC, PrepF, PrepJ, PrepH"
High,Normal,95.9,7.0,6.19,"PrepI, PrepH, PrepD, PrepA, PrepF"
Normal,Low,56.5,7.3,1.5,"PrepF, PrepI, PrepD, PrepB, PrepC"
Low,High,48.2,22.0,7.85,"PrepB, PrepC, PrepD, PrepA, PrepF"
Normal,Normal,75.4,16.3,1.21,"PrepH, PrepF, PrepJ, PrepD, PrepI"
High,Normal,46.5,10.5,3.38,"PrepF, PrepE, PrepC, PrepA, PrepI"
Low,Low,37.8,18.4,3.21,"PrepJ, PrepH, PrepB, PrepI, PrepE"
Low,Low,47.8,21.2,3.19,"PrepH, PrepG, PrepB, PrepF, PrepI"
Normal,Normal,96.0,6.5,4.78,"PrepJ, PrepE, PrepF, PrepG, PrepC"
High,Low,42.4,23.6,5.12,"PrepA, PrepI, PrepF, PrepD, PrepE"
Low,High,71.0,13.0,3.03,"PrepA, PrepH, PrepJ, PrepB, PrepC"
Normal,Normal,69.9,12.1,7.2,"PrepF, PrepD, PrepC, PrepE, PrepG"
Normal,High,88.4,8.3,3.22,"PrepD, PrepF, PrepH, PrepI, PrepJ"
Normal,Normal,81.1,10.0,5.87,"PrepB, PrepI, PrepE, PrepF, PrepH"
High,High,50.1,14.9,2.7,"PrepF, PrepC, PrepD, PrepB, PrepH"
Low,Low,33.1,13.4,7.4,"PrepA, PrepI, PrepJ, PrepD, PrepB"
Normal,High,47.3,18.0,0.58,"PrepA, PrepD, PrepH, PrepF, PrepC"
High,Low,67.3,9.9,7.75,"PrepF, PrepE, PrepH, PrepG, PrepJ"
High,High,92.9,2.2,4.8,"PrepD, PrepE, PrepJ, PrepB, PrepG"
High,Normal,34.0,1.4,3.33,"PrepC, PrepH, PrepA, PrepJ, PrepD"
High,Low,59.9,12.9,4.65,"PrepE, PrepI, PrepH, PrepF, PrepB"
Normal,Normal,89.7,16.3,4.9,"PrepI, PrepF, PrepA, PrepB, PrepG"
High,Low,40.5,16.7,5.25,"PrepC, PrepE, PrepJ, PrepH, PrepF"
Normal,Low,55.0,5.5,6.09,"PrepA, PrepD, PrepH, PrepE, PrepJ"
Low,High,36.9,19.3,7.94,"PrepC, PrepG, PrepA, PrepE, PrepD"
High,Normal,47.0,14.4,1.25,"PrepI, PrepG, PrepC, PrepD, PrepE"
High,Normal,82.7,8.3,6.8,"PrepH, PrepD, PrepI, PrepA, PrepF"
Normal,Normal,58.5,17.0,6.84,"PrepI, PrepF, PrepG, PrepE, PrepC"
High,Low,54.9,9.9,6.81,"PrepE, PrepB, PrepD, PrepA, PrepF"
Normal,High,64.2,21.2,4.84,"PrepB, PrepG, PrepE, PrepC, PrepH"
High,Normal,83.7,13.9,2.57,"PrepA, PrepJ, PrepF, PrepB, PrepD"
Normal,High,74.7,4.0,3.09,"PrepD, PrepF, PrepJ, PrepG, PrepC"
Normal,Normal,57.4,3.6,2.48,"PrepC, PrepF, PrepA, PrepB, PrepD"
High,High,37.4,3.1,2.48,"PrepD, PrepC, PrepA, PrepJ, PrepE"
High,Normal,40.5,13.1,3.52,"PrepC, PrepD, PrepH, PrepA, PrepF"
Low,Low,93.5,17.2,6.86,"PrepF, PrepH, PrepJ, PrepD, PrepC"
Normal,Low,98.0,5.0,5.63,"PrepB, PrepD, PrepJ, PrepE, PrepG"
Low,High,51.3,16.2,6.24,"PrepD, PrepF, PrepI, PrepG, PrepE"
Normal,Low,75.8,24.6,0.58,"PrepA, PrepJ, PrepI, PrepH, PrepC"
Normal,High,90.7,24.4,1.92,"PrepI, PrepC, PrepF, PrepB, PrepJ"
High,Low,38.4,3.9,4.0,"PrepJ, PrepI, PrepA, PrepB, PrepH"
Low,Low,59.4,7.7,7.21,"PrepD, PrepJ, PrepE, PrepC, PrepA"
Low,Low,95.3,10.5,1.88,"PrepG, PrepE, PrepJ, PrepB, PrepC"
Normal,High,70.3,22.5,7.14,"PrepH, PrepF, PrepC, PrepE, PrepI"
Normal,Normal,51.4,9.4,4.65,"PrepH, PrepD, PrepA, PrepG, PrepE"
Normal,Low,33.8,1.7,7.31,"PrepC, PrepI, PrepJ, PrepA, PrepD"
Low,High,55.1,13.8,4.01,"PrepI, PrepF, PrepH, PrepD, PrepE"
High,High,60.9,15.7,0.88,"PrepA, PrepI, PrepG, PrepH, PrepF"
Low,High,66.0,2.9,5.41,"PrepG, PrepH, PrepJ, PrepD, PrepF"
Normal,Low,74.8,12.1,2.15,"PrepI, PrepC, PrepJ, PrepF, PrepE"
High,Normal,62.9,18.1,7.99,"PrepC, PrepG, PrepE, PrepD, PrepJ"
Low,Low,71.2,8.1,2.45,"PrepJ, PrepI, PrepF, PrepA, PrepG"
High,High,38.9,19.5,0.62,"PrepH, PrepC, PrepE, PrepB, PrepG"
High,High,55.3,12.0,1.33,"PrepD, PrepB, PrepF, PrepA, PrepG"
Low,High,72.7,21.2,5.44,"PrepJ, PrepI, PrepE, PrepG, PrepC"
High,Normal,37.4,3.9,2.25,"PrepF, PrepC, PrepE, PrepJ, PrepD"
Normal,High,86.8,6.4,7.14,"PrepF, PrepA, PrepE, PrepD, PrepJ"
Normal,Low,94.6,5.1,0.56,"PrepF, PrepA, PrepG, PrepB, PrepE"
Normal,Normal,48.0,19.5,0.5,"PrepJ, PrepI, PrepE, PrepC, PrepA"
Low,High,33.0,15.5,2.61,"PrepG, PrepH, PrepJ, PrepD, PrepF"
Normal,High,73.9,4.3,7.86,"PrepD, PrepB, PrepE, PrepG, PrepA"
High,High,96.7,5.5,2.8,"PrepC, PrepG, PrepD, PrepE, PrepF"
High,Normal,91.6,6.7,7.0,"PrepG, PrepE, PrepA, PrepC, PrepI"
Low,Normal,67.9,10.4,6.22,"PrepG, PrepH, PrepC, PrepF, PrepA"
High,Low,41.3,3.8,4.07,"PrepG, PrepC, PrepE, PrepF, PrepB"
High,High,34.8,8.8,4.15,"PrepF, PrepE, PrepG, PrepB, PrepC"
Normal,Normal,52.9,20.4,4.99,"PrepE, PrepC, PrepD, PrepG, PrepI"
High,Normal,90.6,19.1,6.25,"PrepJ, PrepG, PrepB, PrepA, PrepC"
Low,Low,33.6,8.9,7.5,"PrepJ, PrepC, PrepF, PrepA, PrepB"
Low,High,89.0,3.5,7.8,"PrepC, PrepF, PrepD, PrepG, PrepE"
Low,Normal,46.8,15.9,7.82,"PrepA, PrepH, PrepI, PrepC, PrepF"
Normal,Low,41.9,5.4,6.57,"PrepF, PrepE, PrepI, PrepC, PrepG"
High,Normal,69.3,22.9,5.5,"PrepC, PrepJ, PrepF, PrepE, PrepH"
Low,Low,65.4,23.9,4.56,"PrepB, PrepJ, PrepC, PrepF, PrepI"
Normal,Normal,97.3,4.5,2.74,"PrepF, PrepI, PrepB, PrepH, PrepE"
High,Normal,77.3,7.8,2.24,"PrepA, PrepJ, PrepG, PrepD, PrepF"
Normal,Normal,81.2,10.0,5.59,"PrepJ, PrepI, PrepE, PrepH, PrepC"
High,Low,68.4,18.3,6.45,"PrepG, PrepF, PrepB, PrepI, PrepA"
High,Normal,52.3,13.9,5.47,"PrepD, PrepJ, PrepI, PrepB, PrepF"
Normal,High,68.9,12.3,3.72,"PrepI, PrepA, PrepJ, PrepH, PrepG"
Normal,Normal,87.7,19.5,0.98,"PrepC, PrepJ, PrepI, PrepG, PrepA"
High,Normal,89.7,3.3,6.7,"PrepI, PrepH, PrepA, PrepF, PrepB"
Low,Normal,47.0,7.2,6.45,"PrepG, PrepF, PrepJ, PrepI, PrepC"
Low,Low,79.2,8.6,7.43,"PrepD, PrepG, PrepI, PrepJ, PrepH"
Normal,Low,63.7,24.6,2.44,"PrepB, PrepJ, PrepF, PrepC, PrepH"
Normal,High,40.0,21.1,3.0,"PrepI, PrepG, PrepC, PrepD, PrepE"
Normal,Low,85.1,6.5,6.14,"PrepA, PrepG, PrepD, PrepI, PrepH"
Normal,Low,64.7,7.4,5.42,"PrepE, PrepI, PrepJ, PrepF, PrepC"
High,High,84.7,13.5,2.01,"PrepC, PrepD, PrepF, PrepG, PrepE"
Low,Normal,36.4,12.8,3.56,"PrepB, PrepI, PrepF, PrepH, PrepG"
High,Low,80.0,7.5,6.01,"PrepE, PrepJ, PrepF, PrepG, PrepA"
Low,High,93.0,7.1,7.43,"PrepC, PrepJ, PrepH, PrepI, PrepA"
High,Low,38.6,4.1,6.17,"PrepA, PrepD, PrepB, PrepE, PrepH"
Low,High,66.8,12.2,7.37,"PrepF, PrepI, PrepE, PrepD, PrepA"
Normal,Normal,98.0,5.6,3.45,"PrepC, PrepJ, PrepA, PrepE, PrepD"
High,Low,87.6,4.5,6.67,"PrepA, PrepI, PrepC, PrepB, PrepG"
Normal,High,31.9,2.5,3.98,"PrepC, PrepE, PrepG, PrepF, PrepB"
Normal,Normal,31.8,11.9,3.77,"PrepC, PrepH, PrepJ, PrepG, PrepI"
Low,High,66.1,7.3,5.64,"PrepE, PrepC, PrepI, PrepB, PrepG"
High,High,96.1,14.1,1.1,"PrepJ, PrepB, PrepC, PrepD, PrepH"
Low,High,90.0,5.4,4.81,"PrepH, PrepJ, PrepA, PrepG, PrepB"
High,Low,74.8,8.3,4.68,"PrepI, PrepH, PrepD, PrepJ, PrepG"
Low,Low,75.8,10.7,5.51,"PrepF, PrepA, PrepB, PrepC, PrepE"
High,Normal,49.5,19.9,5.55,"PrepI, PrepA, PrepC, PrepE, PrepJ"
Normal,High,48.1,10.9,5.81,"PrepA, PrepF, PrepE, PrepH, PrepG"
Normal,Low,82.3,3.7,1.8,"PrepH, PrepJ, PrepD, PrepG, PrepC"
Low,Normal,63.5,10.9,4.58,"PrepI, PrepG, PrepA, PrepE, PrepF"
Low,Low,48.9,19.8,3.71,"PrepJ, PrepB, PrepH, PrepF, PrepC"
High,Normal,97.3,21.0,7.81,"PrepB, PrepC, PrepF, PrepA, PrepI"
High,Low,73.4,18.3,3.95,"PrepB, PrepC, PrepI, PrepJ, PrepF"
High,High,93.8,14.6,7.21,"PrepG, PrepD, PrepF, PrepE, PrepJ"
Low,High,43.0,9.7,5.93,"PrepF, PrepJ, PrepB, PrepC, PrepA"
Low,Low,97.5,2.1,4.58,"PrepI, PrepE, PrepF, PrepG, PrepB"
High,Normal,98.8,7.9,7.37,"PrepC, PrepI, PrepA, PrepG, PrepB"
Normal,High,35.5,18.7,2.44,"PrepJ, PrepH, PrepG, PrepD, PrepA"
High,Normal,83.1,10.7,3.84,"PrepH, PrepF, PrepG, PrepB, PrepI"
Low,Low,63.8,21.1,3.67,"PrepJ, PrepE, PrepB, PrepC, PrepA"
Low,Normal,66.5,20.1,4.34,"PrepB, PrepA, PrepD, PrepH, PrepF"
Low,Normal,85.6,18.3,1.61,"PrepC, PrepI, PrepJ, PrepD, PrepB"
Normal,Low,43.6,17.8,7.76,"PrepA, PrepE, PrepJ, PrepH, PrepI"
Low,High,45.6,10.4,2.4,"PrepB, PrepD, PrepC, PrepA, PrepG"
Low,Normal,50.7,17.0,5.46,"PrepJ, PrepI, PrepB, PrepE, PrepA"
Normal,High,45.3,9.2,0.75,"PrepG, PrepB, PrepI, PrepA, PrepE"
High,High,72.5,20.2,1.86,"PrepJ, PrepD, PrepI, PrepA, PrepH"
Low,Normal,87.1,16.9,0.62,"PrepF, PrepB, PrepA, PrepD, PrepI"
Normal,Normal,81.8,8.5,4.63,"PrepC, PrepH, PrepB, PrepF, PrepG"
Low,Low,58.3,20.8,3.67,"PrepE, PrepF, PrepJ, PrepC, PrepG"
Low,Normal,44.1,24.3,3.08,"PrepB, PrepD, PrepG, PrepC, PrepJ"
High,Normal,94.8,20.2,7.37,"PrepA, PrepF, PrepB, PrepI, PrepG"
Normal,Normal,57.6,21.7,6.9,"PrepG, PrepA, PrepC, PrepB, PrepF"
Low,High,75.7,3.7,2.99,"PrepG, PrepH, PrepE, PrepA, PrepI"
High,High,48.7,11.6,5.87,"PrepI, PrepF, PrepD, PrepE, PrepJ"
Low,Low,95.8,5.2,7.65,"PrepC, PrepF, PrepH, PrepJ, PrepI"
Normal,Low,54.9,13.4,5.55,"PrepE, PrepF, PrepI, PrepD, PrepA"
Low,Low,60.1,15.5,5.79,"PrepC, PrepF, PrepG, PrepD, PrepJ"
Normal,Normal,79.9,23.6,7.49,"PrepH, PrepD, PrepI, PrepF, PrepB"
Normal,Low,87.3,15.5,1.61,"PrepB, PrepI, PrepG, PrepJ, PrepC"
High,Normal,98.2,21.3,0.96,"PrepI, PrepC, PrepJ, PrepH, PrepG"
High,Low,39.7,8.2,2.16,"PrepD, PrepJ, PrepG, PrepF, PrepE"
Normal,Low,78.7,17.4,2.92,"PrepB, PrepJ, PrepC, PrepG, PrepF"
High,Low,37.9,11.6,7.45,"PrepC, PrepE, PrepA, PrepJ, PrepI"
High,High,85.5,10.5,6.66,"PrepJ, PrepH, PrepB, PrepG, PrepF"
High,Normal,81.5,1.6,6.67,"PrepH, PrepJ, PrepI, PrepG, PrepC"
Low,Low,79.8,2.3,4.11,"PrepD, PrepJ, PrepF, PrepA, PrepI"
Low,Low,33.0,10.0,2.3,"PrepJ, PrepC, PrepI, PrepH, PrepG"
Normal,Normal,90.1,5.9,6.06,"PrepE, PrepA, PrepF, PrepJ, PrepI"
Low,High,32.1,18.3,5.5,"PrepJ, PrepA, PrepD, PrepE, PrepF"
High,High,76.0,8.8,3.57,"PrepB, PrepE, PrepG, PrepC, PrepD"
Normal,High,55.1,24.4,4.62,"PrepD, PrepB, PrepC, PrepA, PrepI"
Normal,Low,97.9,9.2,3.74,"PrepD, PrepH, PrepA, PrepI, PrepB"
Low,Low,43.4,13.1,2.63,"PrepJ, PrepB, PrepE, PrepI, PrepG"
Low,High,96.8,17.7,7.71,"PrepG, PrepH, PrepC, PrepE, PrepI"
High,Normal,30.8,6.9,3.39,"PrepD, PrepI, PrepJ, PrepH, PrepG"
High,Normal,70.7,14.3,1.6,"PrepI, PrepH, PrepE, PrepJ, PrepG"
Normal,Low,31.4,8.7,6.93,"PrepA, PrepG, PrepF, PrepC, PrepD"
High,High,83.7,11.5,7.89,"PrepG, PrepJ, PrepH, PrepA, PrepC"
Normal,Low,55.9,5.1,6.17,"PrepB, PrepF, PrepC, PrepE, PrepG"
Normal,High,73.9,12.6,4.99,"PrepE, PrepH, PrepG, PrepB, PrepA"
High,Normal,77.3,16.4,7.8,"PrepG, PrepC, PrepI, PrepF, PrepA"
Low,High,81.8,1.6,7.61,"PrepD, PrepH, PrepF, PrepC, PrepG"
High,Low,40.3,21.1,2.44,"PrepE, PrepA, PrepG, PrepI, PrepC"
Low,Low,66.0,1.2,3.07,"PrepG, PrepE, PrepI, PrepA, PrepC"
Normal,High,48.6,14.1,3.63,"PrepI, PrepB, PrepG, PrepC, PrepF"
Low,High,39.7,13.4,6.59,"PrepE, PrepD, PrepB, PrepH, PrepA"
High,High,67.2,6.9,5.82,"PrepD, PrepJ, PrepC, PrepF, PrepI"
Low,Low,94.4,18.2,3.1,"PrepF, PrepI, PrepA, PrepG, PrepC"
Low,Normal,80.2,9.3,1.56,"PrepC, PrepE, PrepD, PrepG, PrepA"
High,Low,66.9,6.5,2.59,"PrepJ, PrepF, PrepG, PrepI, PrepC"
High,Normal,47.1,2.8,7.83,"PrepC, PrepI, PrepA, PrepJ, PrepE"
Low,Low,77.5,9.1,7.18,"PrepD, PrepI, PrepB, PrepF, PrepA"
Normal,Normal,99.4,5.2,4.2,"PrepH, PrepD, PrepI, PrepG, PrepB"
Low,High,38.0,7.0,7.86,"PrepF, PrepH, PrepC, PrepD, PrepI"
Low,High,47.1,23.4,1.9,"PrepG, PrepC, PrepJ, PrepA, PrepD"
Normal,Low,51.2,20.7,6.3,"PrepH, PrepF, PrepA, PrepB, PrepC"
Low,High,93.3,14.3,4.51,"PrepJ, PrepB, PrepA, PrepH, PrepF"
High,High,66.7,15.8,4.93,"PrepC, PrepF, PrepD, PrepG, PrepI"
Normal,High,74.2,17.0,3.67,"PrepC, PrepI, PrepD, PrepA, PrepF"
Low,High,93.4,6.4,7.85,"PrepF, PrepE, PrepJ, PrepG, PrepA"
Normal,High,79.8,17.5,5.21,"PrepB, PrepJ, PrepG, PrepD, PrepE"
Low,High,56.3,4.0,4.72,"PrepF, PrepC, PrepH, PrepE, PrepG"
Low,High,68.4,3.2,7.16,"PrepC, PrepG, PrepF, PrepH, PrepE"
Normal,Normal,40.6,3.6,7.64,"PrepD, PrepF, PrepJ, PrepB, PrepC"
Normal,Low,75.8,11.5,2.22,"PrepJ, PrepF, PrepD, PrepI, PrepE"
High,High,92.0,17.8,6.35,"PrepA, PrepJ, PrepB, PrepH, PrepD"
Low,High,50.0,18.5,3.03,"PrepH, PrepE, PrepI, PrepD, PrepB"
Low,Low,40.3,11.8,2.04,"PrepA, PrepH, PrepI, PrepJ, PrepG"
Normal,Normal,89.8,12.1,3.7,"PrepA, PrepD, PrepJ, PrepB, PrepF"
High,Low,36.0,6.2,1.23,"PrepB, PrepH, PrepC, PrepI, PrepE"
Normal,Normal,37.2,5.5,2.93,"PrepJ, PrepF, PrepH, PrepE, PrepD"
Normal,Normal,36.5,18.5,2.24,"PrepA, PrepI, PrepG, PrepF, PrepB"
Low,High,66.0,9.9,1.02,"PrepG, PrepB, PrepH, PrepA, PrepI"
High,Normal,74.6,12.4,5.75,"PrepI, PrepA, PrepC, PrepJ, PrepD"
Normal,High,34.0,1.9,1.88,"PrepI, PrepB, PrepH, PrepG, PrepA"
Normal,Normal,89.5,21.2,2.17,"PrepA, PrepH, PrepF, PrepC, PrepB"
High,Normal,49.2,17.1,6.41,"PrepH, PrepF, PrepI, PrepJ, PrepE"
High,Low,72.4,22.9,5.94,"PrepJ, PrepC, PrepH, PrepF, PrepD"
High,High,87.7,9.3,2.95,"PrepG, PrepB, PrepC, PrepD, PrepA"
High,Low,95.8,9.8,7.16,"PrepD, PrepH, PrepC, PrepF, PrepB"
High,High,43.9,14.7,7.79,"PrepA, PrepE, PrepF, PrepJ, PrepD"
High,Low,48.3,4.2,3.6,"PrepE, PrepC, PrepH, PrepA, PrepD"
High,Low,59.7,9.0,0.62,"PrepA, PrepH, PrepE, PrepJ, PrepD"
Low,Low,30.6,23.2,4.67,"PrepA, PrepJ, PrepF, PrepG, PrepD"
High,Normal,45.2,1.2,6.05,"PrepB, PrepA, PrepF, PrepG, PrepE"
Low,Normal,63.0,2.4,6.51,"PrepA, PrepD, PrepJ, PrepE, PrepC"
Low,Normal,95.0,21.0,4.59,"PrepA, PrepC, PrepJ, PrepH, PrepB"
High,High,62.4,19.1,4.66,"PrepH, PrepI, PrepB, PrepE, PrepJ"
High,Normal,83.1,9.8,4.21,"PrepH, PrepG, PrepA, PrepI, PrepJ"
Normal,Low,80.3,14.4,1.2,"PrepA, PrepF, PrepC, PrepI, PrepB"
High,Low,30.8,20.0,6.83,"PrepB, PrepG, PrepA, PrepE, PrepC"
High,Low,82.0,19.4,0.62,"PrepJ, PrepG, PrepC, PrepH, PrepD"
Low,Low,61.8,21.0,7.46,"PrepC, PrepH, PrepJ, PrepI, PrepB"
Normal,High,83.9,17.7,6.48,"PrepA, PrepG, PrepC, PrepF, PrepD"
Low,Low,69.2,11.8,6.29,"PrepJ, PrepF, PrepG, PrepC, PrepE"
High,Normal,45.4,7.1,3.57,"PrepC, PrepD, PrepG, PrepJ, PrepH"
Low,Low,71.5,10.1,7.64,"PrepB, PrepI, PrepH, PrepD, PrepJ"
Normal,Normal,42.9,11.7,0.78,"PrepC, PrepB, PrepJ, PrepF, PrepA"
High,High,69.3,15.5,2.32,"PrepH, PrepG, PrepJ, PrepF, PrepC"
